player,team,field_x,field_y,minute,second,pass_distance
Jude Bellingham,Real Madrid,52.395,33.864,0,0.0,24.712790716550003
Aurélien Tchouaméni,Real Madrid,29.084999999999997,24.956000000000003,0,3.0,12.229215019779483
Lucas Vázquez,Real Madrid,25.095,13.395999999999999,0,5.0,26.73547128815948
Lucas Vázquez,Real Madrid,37.695,9.248000000000001,1,17.0,6.27515744822391
Dani Ceballos,Real Madrid,38.535000000000004,9.86,1,18.0,8.308282674536292
Lucas Vázquez,Real Madrid,41.580000000000005,2.72,1,21.0,9.934405669188273
Dani Ceballos,Real Madrid,32.865,8.84,1,22.0,6.192077599642947
Arda Güler,Real Madrid,27.51,19.991999999999997,1,26.0,28.318962286778802
Thibaut Courtois,Real Madrid,3.4650000000000003,34.952,1,29.0,19.528486910152562
Raúl Asencio,Real Madrid,22.155,55.556000000000004,1,34.0,13.662477410777305
Jude Bellingham,Real Madrid,33.6,52.7,1,36.0,15.219892772289825
Raúl Asencio,Real Madrid,19.11,56.644,1,38.0,8.939608268822523
Arda Güler,Real Madrid,21.419999999999998,48.007999999999996,1,39.0,9.606358363084325
Raúl Asencio,Real Madrid,16.695,56.37200000000001,1,40.0,9.266962609183237
Arda Güler,Real Madrid,20.685,48.007999999999996,1,41.0,14.076391618593169
Jude Bellingham,Real Madrid,20.16,64.056,1,43.0,25.449361563701355
Eric García,Barcelona,90.19500000000001,0.0,1,59.0,8.957984650578501
Vinícius Júnior,Real Madrid,24.465,59.092000000000006,2,3.0,14.172922387425967
Kylian Mbappé,Real Madrid,36.330000000000005,51.34,2,3.0,10.373625210118204
Fran García,Real Madrid,78.75,68.0,2,28.0,4.816412046326599
Fran García,Real Madrid,68.46000000000001,64.872,2,38.0,15.263842897514381
Federico Valverde,Real Madrid,61.425,50.456,2,40.0,19.317192756712874
Dani Ceballos,Real Madrid,59.745,31.211999999999996,2,42.0,13.674474359184702
Ferran Torres,Barcelona,52.395,34.068,5,59.0,14.677584576489421
Frenkie de Jong,Barcelona,49.56,31.008000000000003,6,3.0,18.811130348812103
Iñigo Martínez,Barcelona,70.35000000000001,54.536,6,10.0,8.574245681108037
Vinícius Júnior,Real Madrid,79.38,50.93200000000001,6,45.0,6.287641529222212
Jude Bellingham,Real Madrid,80.01,56.78,6,49.0,10.18563817342831
Fran García,Real Madrid,71.295,64.6,6,50.0,7.470180787638275
Vinícius Júnior,Real Madrid,76.965,65.688,6,52.0,5.8846941296893345
Jude Bellingham,Real Madrid,63.735,51.272,6,56.0,18.42431027202918
Federico Valverde,Real Madrid,46.410000000000004,59.16,6,59.0,61.55532738114549
Gerard Martín,Barcelona,38.324999999999996,68.0,7,6.0,10.877885824000915
Iñigo Martínez,Barcelona,40.214999999999996,56.032000000000004,7,11.0,11.954084197461553
Frenkie de Jong,Barcelona,60.58500000000001,48.55200000000001,7,17.0,11.842649027983548
Raphinha,Barcelona,64.155,58.684,7,19.0,6.376846320870529
Frenkie de Jong,Barcelona,76.64999999999999,47.736000000000004,7,26.0,21.83528907525614
Gerard Martín,Barcelona,90.92999999999999,62.42399999999999,7,28.0,19.002599401134564
Frenkie de Jong,Barcelona,70.77000000000001,56.644,7,31.0,7.202667283722045
Pedri,Barcelona,72.44999999999999,49.64,7,32.0,7.082166405839371
Frenkie de Jong,Barcelona,65.52,49.232000000000006,7,33.0,24.0852676132112
Pau Cubarsí,Barcelona,61.004999999999995,23.323999999999998,7,36.0,14.603785262732396
Eric García,Barcelona,64.995,7.9559999999999995,7,38.0,8.327352520459298
Lamine Yamal,Barcelona,71.82000000000001,9.520000000000001,7,39.0,7.316236805899591
Raphinha,Barcelona,104.475,0.34,8,1.0,13.64462150446101
Pau Cubarsí,Barcelona,31.814999999999998,22.032,8,38.0,33.83214855725247
Wojciech Szczesny,Barcelona,27.195,41.548,8,51.0,13.220409827233038
Iñigo Martínez,Barcelona,38.115,51.06799999999999,8,53.0,14.403026904092078
Gerard Martín,Barcelona,42.735,63.784,8,55.0,16.706475421225147
Iñigo Martínez,Barcelona,30.659999999999997,49.572,8,58.0,20.979527544727976
Wojciech Szczesny,Barcelona,9.45,33.116,9,2.0,29.958701173448755
Vinícius Júnior,Real Madrid,76.64999999999999,63.716,9,6.0,
Eric García,Barcelona,20.16,0.0,9,20.0,19.701678329523098
Lamine Yamal,Barcelona,58.48500000000001,0.0,9,29.0,7.720636243212081
Dani Olmo,Barcelona,60.480000000000004,6.188,9,30.0,3.4623288405349393
Lamine Yamal,Barcelona,59.21999999999999,2.584,9,32.0,7.504378721786365
Pedri,Barcelona,56.910000000000004,9.724,9,34.0,7.81296256230632
Frenkie de Jong,Barcelona,50.085,16.728,9,35.0,25.78964164155834
Iñigo Martínez,Barcelona,59.849999999999994,46.784,9,39.0,17.99804533831382
Pedri,Barcelona,63.839999999999996,55.964,9,55.0,2.3585325946443993
Raphinha,Barcelona,66.885,56.168,9,58.0,5.07843125384208
Pedri,Barcelona,63.21,51.68,10,0.0,8.473737310065731
Arda Güler,Real Madrid,38.22,16.864,10,4.0,21.674162705857874
Frenkie de Jong,Barcelona,30.659999999999997,61.608,10,16.0,2.9108983149536503
Gerard Martín,Barcelona,29.084999999999997,64.056,10,17.0,11.85429141703543
Iñigo Martínez,Barcelona,34.02,47.19200000000001,10,23.0,11.236
Dani Olmo,Barcelona,45.885000000000005,42.16,10,25.0,32.215311639032755
Dani Olmo,Barcelona,104.685,67.524,11,0.0,21.989030810838383
Raphinha,Barcelona,63.315,0.0,11,12.0,9.868276495923695
Frenkie de Jong,Barcelona,69.08999999999999,11.696,11,13.0,9.588903795533664
Raphinha,Barcelona,62.265,5.44,11,14.0,15.172980228023762
Pau Cubarsí,Barcelona,57.120000000000005,20.604,11,17.0,10.676236040852594
Lucas Vázquez,Real Madrid,34.335,0.0,11,44.0,6.881453334870474
Dani Ceballos,Real Madrid,28.14,9.044,11,46.0,10.518501033892614
Federico Valverde,Real Madrid,34.65,17.0,11,49.0,9.393901000117046
Frenkie de Jong,Barcelona,59.63999999999999,49.64,11,52.0,12.271313051177517
Iñigo Martínez,Barcelona,48.510000000000005,53.72,11,55.0,8.197054348971951
Frenkie de Jong,Barcelona,65.835,54.12799999999999,11,58.0,8.481835650376627
Pedri,Barcelona,69.51,40.187999999999995,12,2.0,15.088877526178011
Pau Cubarsí,Barcelona,64.365,25.772,12,4.0,7.377037074598458
Pedri,Barcelona,69.19500000000001,31.483999999999998,12,6.0,9.64932826677588
Pau Cubarsí,Barcelona,63.735,23.528000000000002,12,7.0,15.68014655543754
Iñigo Martínez,Barcelona,65.94,41.956,12,10.0,26.552494590904256
Gerard Martín,Barcelona,79.69500000000001,64.66799999999999,12,12.0,13.174931688627469
Frenkie de Jong,Barcelona,66.57000000000001,59.636,12,14.0,12.602902879892389
Pedri,Barcelona,77.80499999999999,45.900000000000006,12,19.0,17.388380286846733
Jude Bellingham,Real Madrid,60.794999999999995,44.2,13,0.0,31.458586125253632
Wojciech Szczesny,Barcelona,14.700000000000001,37.943999999999996,13,24.0,36.06171510064378
Eric García,Barcelona,63.735,10.336,13,30.0,4.240333123706203
Dani Ceballos,Real Madrid,32.865,46.376000000000005,13,34.0,6.6214567128389445
Jude Bellingham,Real Madrid,42.735,54.80799999999999,13,36.0,20.47509240516389
Vinícius Júnior,Real Madrid,68.04,61.064,13,39.0,15.604099589530945
Ferran Torres,Barcelona,52.29,34.068,15,51.0,8.718997706158655
Frenkie de Jong,Barcelona,62.265,45.083999999999996,16,0.0,16.546101534802688
Iñigo Martínez,Barcelona,73.92,62.22,16,3.0,5.956173268131133
Gerard Martín,Barcelona,78.85499999999999,64.6,16,4.0,13.144958311078806
Iñigo Martínez,Barcelona,71.19,64.464,16,7.0,17.597036568695305
Dani Olmo,Barcelona,104.475,67.66,16,32.0,13.67257726253539
Pedri,Barcelona,90.825,62.832,16,34.0,21.98410264259154
Lamine Yamal,Barcelona,74.44500000000001,35.7,16,38.0,9.954035613759881
Raphinha,Barcelona,76.125,25.636,16,39.0,8.201577957929812
Gerard Martín,Barcelona,66.045,35.496,16,42.0,26.163998337410128
Raphinha,Barcelona,104.475,0.34,17,11.0,42.722442065031814
Thibaut Courtois,Real Madrid,5.460000000000001,36.312000000000005,17,30.0,32.02186641968266
Federico Valverde,Real Madrid,28.665000000000003,12.648000000000001,17,31.0,10.680609720423268
Arda Güler,Real Madrid,30.555000000000003,4.148,17,35.0,11.972144711788276
Dani Ceballos,Real Madrid,30.659999999999997,10.88,17,37.0,9.397962332335668
Arda Güler,Real Madrid,39.375,5.304,17,38.0,6.945486016111469
Pedri,Barcelona,104.475,67.66,17,56.0,14.42498835354816
Dani Olmo,Barcelona,104.37,67.66,18,28.0,22.87675153949965
Ferran Torres,Barcelona,101.01,46.036,18,29.0,10.497762094846692
Kylian Mbappé,Real Madrid,52.5,34.0,19,13.0,21.508788901284053
Jude Bellingham,Real Madrid,36.12,49.164,19,16.0,14.7854659716899
Fran García,Real Madrid,32.655,63.443999999999996,19,52.0,11.168579542627612
Fran García,Real Madrid,40.739999999999995,68.0,20,4.0,8.024686972088071
Eric García,Barcelona,36.96,0.0,20,12.0,13.900911624782022
Frenkie de Jong,Barcelona,47.985,6.664000000000001,20,14.0,11.059365668970354
Eric García,Barcelona,36.224999999999994,4.216,20,16.0,29.398708968252333
Iñigo Martínez,Barcelona,41.79,46.919999999999995,20,22.0,17.45422584934663
Gerard Martín,Barcelona,54.18,54.400000000000006,20,25.0,6.405783636683347
Arda Güler,Real Madrid,50.925,15.368,20,27.0,12.586237285225476
Lucas Vázquez,Real Madrid,49.56,27.88,20,30.0,5.206966487312932
Jude Bellingham,Real Madrid,47.88,32.232,20,31.0,21.096830188443
Arda Güler,Real Madrid,49.769999999999996,11.22,20,32.0,8.862030467110793
Dani Ceballos,Real Madrid,51.03,19.991999999999997,20,33.0,11.719276598834925
Pedri,Barcelona,67.82999999999998,48.62,20,38.0,25.293773463048176
Frenkie de Jong,Barcelona,70.97999999999999,55.556000000000004,20,49.0,5.7272402603697445
Pedri,Barcelona,72.66000000000001,57.187999999999995,20,53.0,8.571509143668921
Gerard Martín,Barcelona,76.965,64.6,20,54.0,21.202509285459584
Iñigo Martínez,Barcelona,56.489999999999995,58.616,20,57.0,10.975948432823477
Frenkie de Jong,Barcelona,58.38,47.803999999999995,20,59.0,7.99533770393721
Pedri,Barcelona,67.2,53.583999999999996,21,3.0,14.536709531389832
Raphinha,Barcelona,78.015,62.152,21,6.0,12.98597951638613
Pedri,Barcelona,68.88,48.96,21,9.0,22.02414683932161
Pau Cubarsí,Barcelona,64.575,26.248,21,12.0,18.96000023734177
Eric García,Barcelona,73.5,9.520000000000001,21,14.0,7.0650885344771135
Eric García,Barcelona,74.97000000000001,7.412,21,32.0,28.632813501296024
Frenkie de Jong,Barcelona,76.86,45.763999999999996,21,34.0,20.16120988432986
Gerard Martín,Barcelona,90.92999999999999,55.012,21,39.0,18.341481292414738
Pedri,Barcelona,81.27,38.964,21,40.0,8.333141124450021
Pedri,Barcelona,78.64500000000001,27.200000000000003,21,43.0,13.910284109248092
Dani Olmo,Barcelona,90.72000000000001,20.195999999999998,21,45.0,28.122547697532664
Eric García,Barcelona,89.88,0.0,22,25.0,16.971347884007326
Eric García,Barcelona,99.435,0.0,22,38.0,9.274481333206724
Lamine Yamal,Barcelona,91.97999999999999,2.108,22,39.0,6.267721196734924
Jude Bellingham,Real Madrid,15.854999999999999,63.036,22,41.0,
Federico Valverde,Real Madrid,15.015000000000002,58.14,22,42.0,3.105547455763641
Jude Bellingham,Real Madrid,9.87,51.544,22,45.0,6.606814663663574
Federico Valverde,Real Madrid,14.07,56.644,22,46.0,5.307693378483722
Dani Ceballos,Real Madrid,16.275,51.816,22,46.0,15.346569649273414
Fran García,Real Madrid,5.04,63.852000000000004,22,49.0,30.350200262930723
Kylian Mbappé,Real Madrid,35.28,61.267999999999994,22,51.0,7.973791068243505
Pedri,Barcelona,66.57000000000001,9.315999999999999,22,53.0,12.447050895694119
Lamine Yamal,Barcelona,88.41000000000001,0.0,23,2.0,11.073780971285279
Eric García,Barcelona,78.33,2.788,23,5.0,4.278534328482116
Lamine Yamal,Barcelona,82.52999999999999,3.604,23,8.0,4.094999999999985
Eric García,Barcelona,78.225,3.604,23,9.0,8.33381641266473
Pedri,Barcelona,70.77000000000001,15.504000000000001,23,16.0,6.636557013994527
Frenkie de Jong,Barcelona,76.335,9.724,23,19.0,7.732569107353655
Dani Olmo,Barcelona,87.99,11.22,23,22.0,4.989707807076484
Lamine Yamal,Barcelona,104.475,0.34,23,37.0,8.30533136003615
Arda Güler,Real Madrid,7.875,55.080000000000005,23,40.0,
Thibaut Courtois,Real Madrid,6.72,32.368,23,58.0,16.371558539125104
Aurélien Tchouaméni,Real Madrid,17.115000000000002,19.72,24,2.0,14.50904765999478
Lucas Vázquez,Real Madrid,20.895,5.712000000000001,24,3.0,11.602294643733192
Aurélien Tchouaméni,Real Madrid,31.605,11.424000000000001,24,4.0,7.367307852940582
Aurélien Tchouaméni,Real Madrid,29.924999999999997,12.443999999999999,24,34.0,27.46805570112308
Federico Valverde,Real Madrid,16.695,36.516000000000005,24,38.0,14.21911815127788
Raúl Asencio,Real Madrid,13.02,50.25200000000001,24,39.0,17.362233756057993
Fran García,Real Madrid,26.145,56.848,24,43.0,9.224374016701617
Federico Valverde,Real Madrid,21.105,46.716,24,46.0,33.31973763402107
Lucas Vázquez,Real Madrid,42.0,18.224,24,50.0,13.853663197869363
Aurélien Tchouaméni,Real Madrid,31.709999999999997,6.936,25,4.0,5.611477167377588
Arda Güler,Real Madrid,23.1,4.760000000000001,25,10.0,26.369866211264704
Iñigo Martínez,Barcelona,44.94,59.296,25,19.0,19.441520542385568
Pau Cubarsí,Barcelona,39.165,40.732,25,20.0,17.775216904443106
Iñigo Martínez,Barcelona,49.349999999999994,57.05200000000001,25,23.0,19.38026841919379
Gerard Martín,Barcelona,69.92999999999999,63.376000000000005,25,26.0,18.9668662672567
Lucas Vázquez,Real Madrid,14.384999999999998,0.0,27,22.0,7.462902652453668
Pedri,Barcelona,90.19500000000001,63.036,27,23.0,
Dani Ceballos,Real Madrid,13.125,5.508,27,24.0,39.643180107049936
Wojciech Szczesny,Barcelona,37.8,37.876000000000005,27,30.0,18.159293929005052
Iñigo Martínez,Barcelona,56.28,56.032000000000004,27,39.0,18.514994166890798
Pau Cubarsí,Barcelona,41.26499999999999,35.904,27,42.0,24.746458837579173
Eric García,Barcelona,56.595000000000006,10.812,27,44.0,9.733509130832507
Raphinha,Barcelona,56.7,16.796,27,47.0,6.403183661273505
Frenkie de Jong,Barcelona,62.79,22.711999999999996,27,53.0,13.296235595084806
Pedri,Barcelona,65.1,37.468,27,55.0,22.947518297192836
Fran García,Real Madrid,11.445,61.676,28,2.0,20.47956603544128
Vinícius Júnior,Real Madrid,27.51,51.0,28,4.0,7.201513452046036
Pau Cubarsí,Barcelona,46.2,9.18,28,8.0,27.507439739096043
Wojciech Szczesny,Barcelona,26.25,25.568,28,12.0,23.508847887550765
Pedri,Barcelona,58.48500000000001,31.688000000000002,28,17.0,16.367806481016313
Federico Valverde,Real Madrid,33.6,52.428,28,21.0,4.806171137194341
Frenkie de Jong,Barcelona,60.06000000000001,5.44,28,24.0,
Frenkie de Jong,Barcelona,59.535000000000004,4.148,28,25.0,4.037960995353964
Pedri,Barcelona,62.265,6.664000000000001,28,27.0,14.100560130718204
Gerard Martín,Barcelona,31.5,50.388,29,32.0,12.856575321601003
Frenkie de Jong,Barcelona,45.885000000000005,40.391999999999996,29,36.0,14.133513399010159
Pedri,Barcelona,59.849999999999994,42.568,29,37.0,17.101347344580773
Frenkie de Jong,Barcelona,44.625,42.772,29,40.0,9.096484815575739
Pedri,Barcelona,65.835,30.94,29,46.0,32.49009695276393
Lamine Yamal,Barcelona,75.81,54.943999999999996,29,52.0,13.576260199333243
Pedri,Barcelona,74.13,35.292,29,55.0,6.060192158669562
Dani Olmo,Barcelona,73.60499999999999,25.16,29,57.0,12.496719569551038
Eric García,Barcelona,70.66499999999999,11.424000000000001,29,59.0,14.586122308550685
Raphinha,Barcelona,84.10499999999999,9.18,30,3.0,9.980475389479194
Pedri,Barcelona,75.81,14.62,30,6.0,11.519469432226467
Raphinha,Barcelona,82.005,10.2,30,9.0,5.760968755339683
Lamine Yamal,Barcelona,82.52999999999999,15.844000000000001,30,11.0,19.742674692148476
Frenkie de Jong,Barcelona,80.01,39.78,30,14.0,6.579257176915949
Gerard Martín,Barcelona,77.59500000000001,43.044,30,16.0,14.134927095673321
Lamine Yamal,Barcelona,76.86,28.016000000000002,30,20.0,6.725183714962733
Fran García,Real Madrid,34.335,56.032000000000004,31,1.0,14.315461885667546
Raúl Asencio,Real Madrid,24.36,45.763999999999996,31,5.0,29.949106848118188
Aurélien Tchouaméni,Real Madrid,12.915000000000001,18.088,31,6.0,15.221934699636574
Lucas Vázquez,Real Madrid,22.575,6.324000000000001,31,8.0,12.234502074052704
Aurélien Tchouaméni,Real Madrid,11.025,11.152,31,10.0,7.730883584688104
Frenkie de Jong,Barcelona,58.38,51.612,31,18.0,10.931250797598596
Pedri,Barcelona,65.835,38.556000000000004,31,25.0,14.003079982632398
Dani Olmo,Barcelona,69.615,20.468,31,28.0,4.797255882272717
Lamine Yamal,Barcelona,75.495,23.052,31,30.0,11.87968185600944
Ferran Torres,Barcelona,79.38,31.892,31,33.0,15.138211783430691
Raphinha,Barcelona,83.16000000000001,45.083999999999996,31,35.0,9.43512352860311
Frenkie de Jong,Barcelona,75.91499999999999,37.128,31,37.0,5.242320478566712
Pedri,Barcelona,80.22,31.552,31,40.0,11.767583651710323
Ferran Torres,Barcelona,91.14,25.16,31,42.0,6.42860801418161
Kylian Mbappé,Real Madrid,52.71,33.79600000000001,32,47.0,13.755930539225615
Raúl Asencio,Real Madrid,36.12,51.34,32,53.0,11.05017574520876
Fran García,Real Madrid,42.839999999999996,60.18,32,56.0,8.189493818301598
Vinícius Júnior,Real Madrid,44.1,63.919999999999995,33,15.0,15.888809772918796
Pedri,Barcelona,69.72,30.6,33,20.0,18.88196186840763
Kylian Mbappé,Real Madrid,52.395,33.864,34,45.0,29.81544170392249
Raúl Asencio,Real Madrid,42.0,53.24399999999999,34,52.0,11.22196506856086
Fran García,Real Madrid,42.21,64.6,34,54.0,9.228793258059254
Jude Bellingham,Real Madrid,45.989999999999995,58.548,34,57.0,13.041468628954329
Gerard Martín,Barcelona,46.62,43.52,35,1.0,12.792782965406703
Raphinha,Barcelona,58.169999999999995,36.856,35,3.0,6.327031610478966
Ferran Torres,Barcelona,70.35000000000001,23.256,35,8.0,4.585272510985584
Pedri,Barcelona,66.885,26.791999999999998,35,9.0,33.55037555676539
Gerard Martín,Barcelona,81.47999999999999,54.74,35,19.0,16.391428979805266
Iñigo Martínez,Barcelona,57.75000000000001,50.456,35,21.0,8.06022332196819
Pedri,Barcelona,64.89,54.196000000000005,35,22.0,13.034354759634253
Frenkie de Jong,Barcelona,65.625,35.904,35,25.0,16.55736802755801
Pau Cubarsí,Barcelona,50.294999999999995,29.648,35,27.0,22.00011127244587
Eric García,Barcelona,49.035000000000004,7.072000000000001,35,29.0,12.29421819393164
Lamine Yamal,Barcelona,58.589999999999996,7.684,35,32.0,3.1047101313971317
Eric García,Barcelona,55.96499999999999,3.5360000000000005,35,35.0,18.981094831436877
Pedri,Barcelona,46.935,21.08,35,38.0,11.8542524015646
Pau Cubarsí,Barcelona,35.805,17.0,35,41.0,23.43564057157388
Wojciech Szczesny,Barcelona,24.150000000000002,37.331999999999994,35,43.0,19.490071421110805
Iñigo Martínez,Barcelona,35.06999999999999,59.228,35,47.0,44.41088803435483
Frenkie de Jong,Barcelona,36.224999999999994,19.788000000000004,37,35.0,7.51796674640158
Pau Cubarsí,Barcelona,30.869999999999997,25.16,37,37.0,16.656991445035928
Iñigo Martínez,Barcelona,37.38,46.104,37,45.0,6.501643561438902
Frenkie de Jong,Barcelona,39.375,39.916000000000004,37,48.0,13.076746537269885
Thibaut Courtois,Real Madrid,14.909999999999998,39.916000000000004,38,8.0,28.321249990069294
Fran García,Real Madrid,43.785000000000004,63.512,38,10.0,36.589346003994116
Kylian Mbappé,Real Madrid,66.675,35.564,38,11.0,7.174747452001361
Frenkie de Jong,Barcelona,36.96,28.628000000000004,38,39.0,12.555326519051583
Pedri,Barcelona,38.85,38.623999999999995,38,39.0,5.858164302919468
Frenkie de Jong,Barcelona,41.580000000000005,37.943999999999996,38,40.0,11.820270724480048
Iñigo Martínez,Barcelona,32.025,51.884,38,43.0,47.400532159459985
Ferran Torres,Barcelona,72.24,62.152,38,51.0,9.540567907624787
Pedri,Barcelona,65.415,51.612,38,54.0,6.705949671746727
Frenkie de Jong,Barcelona,64.365,42.228,38,57.0,11.374027430949868
Pedri,Barcelona,70.03500000000001,53.992000000000004,38,59.0,15.019674597007748
Gerard Martín,Barcelona,75.81,64.056,39,1.0,16.955202741341676
Pedri,Barcelona,59.324999999999996,48.007999999999996,39,10.0,12.272261568268497
Iñigo Martínez,Barcelona,48.19499999999999,50.388,39,13.0,16.89202900778944
Pau Cubarsí,Barcelona,41.894999999999996,27.131999999999998,39,16.0,23.215415654258706
Raphinha,Barcelona,67.935,40.528,39,22.0,31.265964178320157
Lucas Vázquez,Real Madrid,52.29,0.0,39,46.0,8.439692174481248
Arda Güler,Real Madrid,39.48,6.5280000000000005,39,50.0,8.23504705511754
Lucas Vázquez,Real Madrid,46.2,1.7680000000000002,39,52.0,10.92362577169321
Eric García,Barcelona,42.21,17.136,39,57.0,8.495703384652735
Raúl Asencio,Real Madrid,37.589999999999996,39.711999999999996,40,6.0,39.2710612156076
Wojciech Szczesny,Barcelona,8.295,20.672,40,15.0,24.15371284088639
Pedri,Barcelona,29.819999999999997,37.536,40,17.0,11.241246594573044
Iñigo Martínez,Barcelona,55.755,57.46,40,24.0,17.735399628990603
Gerard Martín,Barcelona,70.77000000000001,62.62799999999999,40,27.0,11.336852517343605
Lucas Vázquez,Real Madrid,18.794999999999998,0.0,40,57.0,9.448542956456304
Pau Cubarsí,Barcelona,49.349999999999994,40.46,41,3.0,11.044466668879942
Lamine Yamal,Barcelona,81.47999999999999,15.844000000000001,41,10.0,25.870655983179095
Vinícius Júnior,Real Madrid,66.57000000000001,59.772,41,53.0,18.968940956205227
Aurélien Tchouaméni,Real Madrid,26.985,22.032,44,0.0,3.105892625317242
Dani Ceballos,Real Madrid,32.97,20.808,44,3.0,10.415836452249044
Arda Güler,Real Madrid,30.555000000000003,10.676,44,4.0,14.896436620883534
Ferran Torres,Barcelona,92.82000000000001,42.432,44,10.0,9.528012646926951
Ferran Torres,Barcelona,52.605,33.932,45,0.0,12.059416403790026
Frenkie de Jong,Barcelona,40.53,31.076,45,3.0,19.460443186114748
Iñigo Martínez,Barcelona,35.385000000000005,49.844,45,4.0,19.560641119349835
Gerard Martín,Barcelona,50.714999999999996,62.56,45,7.0,14.857037423389631
Iñigo Martínez,Barcelona,29.294999999999998,58.275999999999996,45,11.0,26.830078661830264
Lucas Vázquez,Real Madrid,62.58,0.0,45,27.0,17.57990170620985
Kylian Mbappé,Real Madrid,52.815,33.66,45,31.0,14.78207955600294
Lucas Vázquez,Real Madrid,27.09,18.291999999999998,45,31.0,12.761345109352693
Jude Bellingham,Real Madrid,58.48500000000001,8.908000000000001,45,31.0,24.994462506723366
Federico Valverde,Real Madrid,39.48,31.416,45,33.0,18.57694958813206
Raúl Asencio,Real Madrid,33.18,48.007999999999996,45,38.0,17.088830153056126
Frenkie de Jong,Barcelona,25.41,12.171999999999999,46,0.0,10.908868364775513
Pau Cubarsí,Barcelona,14.595,13.600000000000001,46,2.0,19.992250098475665
Wojciech Szczesny,Barcelona,9.975,38.964,46,5.0,23.596934461916874
Federico Valverde,Real Madrid,61.31999999999999,20.4,46,16.0,19.5740236027241
Lucas Vázquez,Real Madrid,71.19,4.760000000000001,46,20.0,7.9220000000000015
Luka Modric,Real Madrid,74.76,11.831999999999999,46,21.0,10.65263929737602
Iñigo Martínez,Barcelona,28.244999999999997,51.884,46,50.0,48.85458652982339
Federico Valverde,Real Madrid,32.76,20.195999999999998,46,57.0,9.011864180068411
Iñigo Martínez,Barcelona,47.775,55.419999999999995,47,1.0,9.853364907482122
Pedri,Barcelona,65.52,64.056,47,5.0,11.02690350914526
Raphinha,Barcelona,75.17999999999999,56.168,47,8.0,12.065309320527174
Thibaut Courtois,Real Madrid,8.82,33.388,47,15.0,34.30942290391956
Fran García,Real Madrid,25.515,64.6,47,18.0,7.019324825081108
Jude Bellingham,Real Madrid,18.9,54.672000000000004,47,21.0,15.04956145540461
Luka Modric,Real Madrid,22.155,39.303999999999995,47,23.0,18.17037767906875
Aurélien Tchouaméni,Real Madrid,14.07,19.516,47,26.0,15.483627998631325
Lucas Vázquez,Real Madrid,20.790000000000003,4.148,47,28.0,15.254734642070964
Brahim Díaz,Real Madrid,36.015,5.1,47,31.0,4.031470699385026
Lucas Vázquez,Real Madrid,37.065,4.6240000000000006,47,32.0,19.500138691814485
Lucas Vázquez,Real Madrid,34.335,23.052,47,34.0,25.42592723972913
Brahim Díaz,Real Madrid,53.865,9.86,47,35.0,26.3269772096988
Raúl Asencio,Real Madrid,28.980000000000004,48.483999999999995,47,39.0,9.986350734878076
Jude Bellingham,Real Madrid,37.275,48.28,47,41.0,32.113648188893144
Wojciech Szczesny,Barcelona,9.975,30.26,47,44.0,20.91691602507406
Frenkie de Jong,Barcelona,31.605,24.072,47,45.0,12.23074687008115
Iñigo Martínez,Barcelona,45.045,38.284,47,49.0,15.577619362405786
Eric García,Barcelona,43.155,17.612000000000002,47,49.0,7.498401496319062
Pedri,Barcelona,55.86,45.967999999999996,47,53.0,16.36706232040436
Frenkie de Jong,Barcelona,31.5,10.336,47,56.0,26.34574037676679
Dani Ceballos,Real Madrid,31.185,25.5,47,58.0,9.03230402499827
Aurélien Tchouaméni,Real Madrid,22.155,25.703999999999997,48,0.0,20.05074564698281
Pau Cubarsí,Barcelona,6.3,4.9639999999999995,48,1.0,24.67734234069787
Dani Olmo,Barcelona,35.805,19.448,48,7.0,34.67506631572606
Gerard Martín,Barcelona,28.665000000000003,53.38,48,11.0,16.058444040441778
Frenkie de Jong,Barcelona,28.560000000000002,44.336,48,12.0,5.201980488237154
Frenkie de Jong,Barcelona,42.735,55.012,48,19.0,28.974657133433013
Luka Modric,Real Madrid,55.755,17.068,48,19.0,7.320196991884847
Jude Bellingham,Real Madrid,59.21999999999999,19.311999999999998,48,21.0,7.4829472803167585
Lucas Vázquez,Real Madrid,59.010000000000005,15.979999999999999,48,23.0,9.87210798158123
Federico Valverde,Real Madrid,26.985,42.5,48,26.0,15.787134508833448
Pedri,Barcelona,37.38,59.024,48,26.0,
Pedri,Barcelona,41.055,61.2,48,29.0,26.8365439093785
Fran García,Real Madrid,37.065,64.804,48,32.0,7.061569867954285
Federico Valverde,Real Madrid,32.339999999999996,61.132000000000005,48,34.0,44.657403238432934
Raphinha,Barcelona,90.615,62.288,48,34.0,25.147931942805954
Pedri,Barcelona,83.37,46.104,48,43.0,19.65328562861691
Iñigo Martínez,Barcelona,22.365,60.928,49,26.0,5.387654034920952
Frenkie de Jong,Barcelona,27.405,59.024,49,29.0,5.982198926816125
Gerard Martín,Barcelona,31.29,65.824,49,31.0,21.1955614457367
Lucas Vázquez,Real Madrid,37.695,16.524,50,11.0,23.84659323677074
Federico Valverde,Real Madrid,34.755,47.123999999999995,50,12.0,18.41188138132548
Fran García,Real Madrid,60.480000000000004,61.472,50,16.0,3.1376884803944423
Fran García,Real Madrid,62.79,68.0,50,32.0,6.121800470449853
Lamine Yamal,Barcelona,38.64,4.216,50,37.0,7.211047150033067
Pedri,Barcelona,49.14,11.355999999999998,50,39.0,42.12335903035274
Gerard Martín,Barcelona,64.155,54.74,50,46.0,10.412474057590735
Pedri,Barcelona,62.894999999999996,38.69199999999999,50,49.0,9.516406884953998
Frenkie de Jong,Barcelona,55.335,32.912,50,50.0,6.450644618950884
Pedri,Barcelona,59.535000000000004,28.016000000000002,50,51.0,13.995609347220295
Pau Cubarsí,Barcelona,49.035000000000004,28.491999999999997,50,52.0,20.79971694518943
Iñigo Martínez,Barcelona,46.51499999999999,48.416000000000004,50,56.0,25.78685835847399
Pedri,Barcelona,45.255,53.176,50,58.0,28.46309301534181
Raphinha,Barcelona,64.05,64.464,50,59.0,22.07351353998724
Gerard Martín,Barcelona,71.61,64.804,51,0.0,5.476314910594535
Iñigo Martínez,Barcelona,43.05,57.187999999999995,51,2.0,12.562718217010204
Raphinha,Barcelona,69.92999999999999,60.52,51,3.0,5.5021813855960735
Pedri,Barcelona,53.97,50.796,51,4.0,9.70696739460889
Pedri,Barcelona,61.529999999999994,58.888,51,5.0,16.477960098264585
Iñigo Martínez,Barcelona,48.93,59.092000000000006,51,6.0,38.327439583149825
Iñigo Martínez,Barcelona,43.47,52.7,51,10.0,32.732810206274685
Lamine Yamal,Barcelona,63.839999999999996,20.808,51,11.0,8.4402893315336
Eric García,Barcelona,57.330000000000005,15.435999999999998,51,13.0,4.57830547255204
Wojciech Szczesny,Barcelona,13.02,30.668,51,13.0,30.772426764881576
Lamine Yamal,Barcelona,57.225,18.428,51,14.0,7.823346854128353
Eric García,Barcelona,57.644999999999996,8.16,51,15.0,14.974870149687437
Lamine Yamal,Barcelona,56.80500000000001,15.844000000000001,51,18.0,6.782071659898617
Pedri,Barcelona,58.06499999999999,22.508000000000003,51,20.0,6.53443807836604
Lamine Yamal,Barcelona,60.37499999999999,17.952,51,20.0,51.87436839133561
Wojciech Szczesny,Barcelona,21.945,52.087999999999994,51,26.0,8.926532137398045
Iñigo Martínez,Barcelona,33.075,62.42399999999999,51,30.0,15.697004841688752
Gerard Martín,Barcelona,48.510000000000005,65.07600000000001,51,31.0,11.5194323210825
Pau Cubarsí,Barcelona,29.505000000000003,7.9559999999999995,51,31.0,22.53415088260483
Iñigo Martínez,Barcelona,38.535000000000004,58.48,51,34.0,17.60155677773986
Ferran Torres,Barcelona,55.440000000000005,51.884,51,35.0,11.18904839564116
Gerard Martín,Barcelona,52.5,63.376000000000005,51,37.0,10.597774530532343
Wojciech Szczesny,Barcelona,10.5,28.491999999999997,51,37.0,19.39487110037085
Ferran Torres,Barcelona,48.089999999999996,55.419999999999995,51,38.0,11.856983764853524
Iñigo Martínez,Barcelona,9.135,55.419999999999995,51,39.0,36.286105109256354
Iñigo Martínez,Barcelona,40.005,62.356,51,41.0,17.796071926130214
Ferran Torres,Barcelona,40.635,59.907999999999994,51,44.0,20.054376978604942
Frenkie de Jong,Barcelona,62.265,46.512,51,45.0,6.444514256326838
Aurélien Tchouaméni,Real Madrid,20.475,35.02,51,52.0,16.610055869863896
Thibaut Courtois,Real Madrid,3.8850000000000007,34.204,51,53.0,19.17922628783549
Lucas Vázquez,Real Madrid,13.44,17.272,51,56.0,12.006211767247823
Jude Bellingham,Real Madrid,25.305000000000003,19.108,51,57.0,17.482981553499393
Arda Güler,Real Madrid,31.709999999999997,2.72,52,0.0,10.641779973293943
Jude Bellingham,Real Madrid,42.315,3.604,52,2.0,5.085395658156795
Lucas Vázquez,Real Madrid,42.105000000000004,9.995999999999999,52,4.0,12.100738655140027
Dani Ceballos,Real Madrid,38.64,26.383999999999997,52,6.0,21.998868698185372
Arda Güler,Real Madrid,61.11000000000001,15.504000000000001,52,18.0,11.809332284257227
Lucas Vázquez,Real Madrid,64.995,4.352,52,19.0,5.43894291200046
Arda Güler,Real Madrid,63.105,10.608,52,21.0,6.7486105236559615
Jude Bellingham,Real Madrid,69.08999999999999,19.788000000000004,52,23.0,10.928484066877713
Luka Modric,Real Madrid,42.105000000000004,6.936,52,29.0,19.159866909767405
Jude Bellingham,Real Madrid,47.25,23.936000000000003,52,31.0,10.404596340079708
Luka Modric,Real Madrid,39.585,16.864,52,33.0,12.475816646616767
Lucas Vázquez,Real Madrid,40.214999999999996,4.692,52,35.0,6.239366634523086
Luka Modric,Real Madrid,36.435,9.655999999999999,52,35.0,11.55956854731178
Brahim Díaz,Real Madrid,47.88,4.760000000000001,52,43.0,9.04250319325352
Luka Modric,Real Madrid,39.9,18.904000000000003,52,46.0,10.532360846457925
Federico Valverde,Real Madrid,36.54,32.028,52,49.0,18.722799176405218
Raúl Asencio,Real Madrid,26.985,46.784,52,53.0,45.56015848304306
Wojciech Szczesny,Barcelona,13.65,38.76,52,59.0,18.336570699015674
Frenkie de Jong,Barcelona,31.185,28.084,53,4.0,11.681280066841992
Dani Olmo,Barcelona,42.105000000000004,23.936000000000003,53,6.0,6.857461921148373
Frenkie de Jong,Barcelona,40.005,30.123999999999995,53,7.0,26.062015290456714
Eric García,Barcelona,46.095,5.168,53,11.0,10.623256751109803
Dani Olmo,Barcelona,50.085,17.136,53,13.0,12.518115872606389
Pedri,Barcelona,46.62,28.628000000000004,53,14.0,10.787648678002087
Dani Olmo,Barcelona,65.31,42.364,53,18.0,21.634782203664546
Raphinha,Barcelona,83.16000000000001,56.57600000000001,53,21.0,13.678871335018842
Aurélien Tchouaméni,Real Madrid,5.1450000000000005,28.491999999999997,53,44.0,4.682387852367642
Luka Modric,Real Madrid,56.80500000000001,27.948,54,28.0,23.66285198364728
Brahim Díaz,Real Madrid,59.21999999999999,20.264,54,35.0,13.502853068888811
Federico Valverde,Real Madrid,57.01499999999999,22.78,54,38.0,13.863090889119935
Luka Modric,Real Madrid,65.73,5.848,54,42.0,9.936491131179052
Eric García,Barcelona,28.875000000000004,16.116,54,47.0,8.814313870063849
Vinícius Júnior,Real Madrid,55.230000000000004,58.548,54,59.0,39.07440442284436
Wojciech Szczesny,Barcelona,4.41,38.556000000000004,57,20.0,61.51083827261664
Ferran Torres,Barcelona,57.330000000000005,59.636,57,24.0,10.511998906012122
Pedri,Barcelona,48.510000000000005,57.25600000000001,57,25.0,7.729777228355282
Alejandro Balde,Barcelona,50.714999999999996,64.66799999999999,57,27.0,10.581119978527795
Dani Olmo,Barcelona,66.675,31.688000000000002,57,34.0,23.226867546012315
Thibaut Courtois,Real Madrid,4.62,32.64,57,57.0,22.773818849723032
Lucas Vázquez,Real Madrid,8.505,10.2,58,1.0,18.962089151778606
Brahim Díaz,Real Madrid,28.665000000000003,28.288000000000004,58,9.0,48.751097228677835
Fran García,Real Madrid,76.64999999999999,68.0,58,22.0,22.05266024768893
Federico Valverde,Real Madrid,55.650000000000006,61.267999999999994,58,26.0,14.027875142016336
Brahim Díaz,Real Madrid,64.47,46.172000000000004,58,29.0,8.41525780947916
Luka Modric,Real Madrid,67.82999999999998,34.816,58,32.0,35.41198171523307
Frenkie de Jong,Barcelona,4.41,18.224,58,43.0,8.906595365233565
Eric García,Barcelona,11.129999999999999,10.812,58,44.0,5.245133458740587
Fran García,Real Madrid,95.235,68.0,58,56.0,11.15179918219477
Kylian Mbappé,Real Madrid,79.17,63.104,59,0.0,12.255667913255492
Luka Modric,Real Madrid,75.28500000000001,60.724000000000004,59,3.0,6.221358051101053
Federico Valverde,Real Madrid,71.295,65.824,59,5.0,7.412154949810478
Luka Modric,Real Madrid,63.839999999999996,56.168,59,7.0,53.17939390403016
Lucas Vázquez,Real Madrid,82.425,5.576,59,12.0,14.528967478799036
Wojciech Szczesny,Barcelona,14.700000000000001,40.8,59,33.0,21.55990781520181
Alejandro Balde,Barcelona,30.345,53.72,59,37.0,9.432996607653372
Pedri,Barcelona,39.69,57.867999999999995,59,38.0,8.756717421499902
Alejandro Balde,Barcelona,83.37,48.416000000000004,59,44.0,12.68066181238187
Pedri,Barcelona,80.115,62.152,59,55.0,13.136869642346303
Frenkie de Jong,Barcelona,73.39500000000001,50.796,59,56.0,15.503514730537711
Raphinha,Barcelona,78.96,65.212,59,59.0,10.55705304523946
Frenkie de Jong,Barcelona,70.35000000000001,59.907999999999994,60,0.0,5.382560821765035
Pedri,Barcelona,75.81,61.132000000000005,60,1.0,6.769361565169952
Frenkie de Jong,Barcelona,67.515,56.848,60,6.0,17.739192794487582
Raphinha,Barcelona,90.92999999999999,60.587999999999994,60,13.0,14.70015727807018
Alejandro Balde,Barcelona,76.54500000000002,60.52,60,15.0,6.235798585586311
Frenkie de Jong,Barcelona,69.615,54.604,60,17.0,9.805293264354715
Dani Olmo,Barcelona,66.15,44.472,60,20.0,16.493647261900573
Iñigo Martínez,Barcelona,51.449999999999996,51.952,60,22.0,16.04058256423376
Alejandro Balde,Barcelona,67.82999999999998,60.792,60,24.0,19.913121402733438
Ferran Torres,Barcelona,79.69500000000001,47.327999999999996,60,27.0,1.6851777354332704
Pedri,Barcelona,80.115,49.028,60,28.0,4.097257741465639
Brahim Díaz,Real Madrid,41.160000000000004,14.62,60,37.0,32.14410060959864
Vinícius Júnior,Real Madrid,97.755,0.0,60,49.0,16.1017666422042
Brahim Díaz,Real Madrid,71.19,17.068,60,59.0,10.125451545486749
Luka Modric,Real Madrid,68.985,5.576,61,1.0,5.3845426918170105
Lucas Vázquez,Real Madrid,72.66000000000001,4.896000000000001,61,3.0,6.781334676890696
Luka Modric,Real Madrid,59.63999999999999,18.224,61,10.0,6.628574507388449
Federico Valverde,Real Madrid,65.52,21.284,61,11.0,8.646207029674917
Luka Modric,Real Madrid,66.675,2.3800000000000003,61,32.0,9.612142529113896
Jude Bellingham,Real Madrid,60.16499999999999,9.452000000000002,61,34.0,7.400008716211093
Brahim Díaz,Real Madrid,66.15,13.804,61,35.0,8.960313889591148
Luka Modric,Real Madrid,63.315,5.304,61,36.0,10.782786699179388
Jude Bellingham,Real Madrid,58.48500000000001,16.66,61,38.0,18.147718864915234
Aurélien Tchouaméni,Real Madrid,46.095,29.92,61,41.0,20.54029444774344
Raúl Asencio,Real Madrid,46.305,51.136,61,43.0,17.879720383719654
Fran García,Real Madrid,57.330000000000005,65.212,61,45.0,5.85294190984328
Dani Olmo,Barcelona,59.114999999999995,28.22,61,57.0,20.274299001445154
Frenkie de Jong,Barcelona,62.894999999999996,17.748,62,5.0,12.463123244195256
Raúl Asencio,Real Madrid,24.044999999999998,53.856,62,9.0,9.082774906381863
Fran García,Real Madrid,28.665000000000003,61.676,62,10.0,8.807705944228616
Raúl Asencio,Real Madrid,23.415,54.604,62,10.0,6.979280478674002
Federico Valverde,Real Madrid,29.924999999999997,52.087999999999994,62,12.0,5.37610304960758
Luka Modric,Real Madrid,29.715000000000003,46.716,62,13.0,13.134658313028162
Jude Bellingham,Real Madrid,42.735,50.524,62,15.0,28.08666843895872
Fran García,Real Madrid,78.64500000000001,65.212,62,21.0,6.090379626919837
Raphinha,Barcelona,23.94,44.064,62,27.0,17.302936889441632
Wojciech Szczesny,Barcelona,11.55,38.48800000000001,62,40.0,11.23428253160832
Iñigo Martínez,Barcelona,20.475,56.644,62,45.0,24.435669194847105
Ferran Torres,Barcelona,38.115,65.008,62,50.0,4.272826230962355
Alejandro Balde,Barcelona,37.48500000000001,60.792,62,52.0,6.9800161174599
Pedri,Barcelona,34.44,43.656,62,55.0,32.643635229551265
Dani Olmo,Barcelona,48.510000000000005,13.464,62,58.0,8.195929721514215
Eric García,Barcelona,42.21,8.772,63,0.0,40.3115265029743
Dani Olmo,Barcelona,87.46499999999999,11.152,63,7.0,10.059419665169553
Lamine Yamal,Barcelona,82.21499999999999,23.528000000000002,63,10.0,29.164285710437003
Alejandro Balde,Barcelona,87.46499999999999,57.8,63,19.0,10.082064074384753
Frenkie de Jong,Barcelona,76.64999999999999,57.8,63,21.0,13.643361792461562
Raphinha,Barcelona,80.64,47.123999999999995,63,24.0,16.439430677490023
Lamine Yamal,Barcelona,91.56,56.644,63,28.0,12.109987448383256
Frenkie de Jong,Barcelona,80.115,50.048,63,31.0,6.451950402785194
Pedri,Barcelona,68.35499999999999,51.68,63,57.0,11.819383401853072
Iñigo Martínez,Barcelona,57.96000000000001,47.532000000000004,64,0.0,43.777059757366075
Eric García,Barcelona,71.71499999999999,6.800000000000001,64,5.0,12.150844579698976
Frenkie de Jong,Barcelona,68.775,18.02,64,6.0,4.2036442523125
Lamine Yamal,Barcelona,72.24,15.64,64,7.0,7.808802789160452
Frenkie de Jong,Barcelona,76.54500000000002,26.452,64,10.0,5.085395658156795
Pedri,Barcelona,61.949999999999996,20.876,64,58.0,20.326576101252268
Alejandro Balde,Barcelona,40.635,39.372,65,2.0,2.3677941211177993
Frenkie de Jong,Barcelona,48.405,30.26,65,11.0,25.014341166618802
Lamine Yamal,Barcelona,56.489999999999995,6.664000000000001,65,14.0,5.361552387135651
Eric García,Barcelona,61.739999999999995,5.576,65,15.0,4.735441795651166
Lamine Yamal,Barcelona,57.225,7.0040000000000004,65,16.0,5.701838387748297
Eric García,Barcelona,63.419999999999995,4.0120000000000005,65,18.0,8.41120419440641
Raphinha,Barcelona,66.15,22.508000000000003,65,21.0,11.11306330405797
Pedri,Barcelona,57.855000000000004,31.28,65,23.0,18.485446194236143
Luka Modric,Real Madrid,35.489999999999995,34.204,66,47.0,7.479748725726019
Federico Valverde,Real Madrid,37.695,41.275999999999996,66,48.0,12.878348341305259
Aurélien Tchouaméni,Real Madrid,28.875000000000004,31.892,66,49.0,13.81741021320566
Raúl Asencio,Real Madrid,24.255000000000003,46.919999999999995,66,52.0,18.721769253999472
Fran García,Real Madrid,30.030000000000005,65.212,66,54.0,42.040781391406135
Wojciech Szczesny,Barcelona,5.25,25.16,67,22.0,36.596618696267555
Iñigo Martínez,Barcelona,30.974999999999998,52.564,67,25.0,13.874671167274563
Pedri,Barcelona,45.989999999999995,35.292,67,29.0,33.21203771225126
Eric García,Barcelona,62.37,6.5280000000000005,67,32.0,5.696193816927227
Lamine Yamal,Barcelona,66.675,5.44,67,33.0,4.166908206332367
Lamine Yamal,Barcelona,98.28,0.0,67,45.0,14.92006786177596
Eric García,Barcelona,81.47999999999999,5.168,67,47.0,5.7272402603697445
Lamine Yamal,Barcelona,83.685,5.848,67,49.0,15.794824500449517
Frenkie de Jong,Barcelona,70.35000000000001,14.824,67,54.0,8.382403056403339
Dani Olmo,Barcelona,78.54,9.792000000000002,67,56.0,2.9258846525452795
Lamine Yamal,Barcelona,78.75,6.595999999999999,67,57.0,9.97581655805679
Eric García,Barcelona,69.08999999999999,3.604,67,58.0,5.229151460801262
Pedri,Barcelona,68.46000000000001,7.276,68,0.0,7.465900079695676
Dani Olmo,Barcelona,70.66499999999999,4.148,68,3.0,24.783358610164186
Eric García,Barcelona,45.255,4.760000000000001,68,5.0,29.25650835284348
Wojciech Szczesny,Barcelona,22.785,25.568,68,8.0,26.885718216183104
Iñigo Martínez,Barcelona,28.455000000000002,54.06,68,12.0,26.761688455700995
Raphinha,Barcelona,53.655,59.84,68,15.0,28.54966626775171
Thibaut Courtois,Real Madrid,13.545,42.296,68,28.0,22.5602490234483
Aurélien Tchouaméni,Real Madrid,21.525,21.964,68,33.0,18.91295852054881
Iñigo Martínez,Barcelona,31.080000000000005,57.664,68,42.0,13.776693398635244
Frenkie de Jong,Barcelona,47.775,53.312000000000005,68,45.0,12.514288833169868
Dani Olmo,Barcelona,56.28,44.132000000000005,68,46.0,10.895582637013952
Frenkie de Jong,Barcelona,46.51499999999999,49.367999999999995,68,48.0,9.642530995542618
Pedri,Barcelona,53.865,59.092000000000006,68,50.0,10.690890000369464
Alejandro Balde,Barcelona,62.58,63.647999999999996,68,51.0,5.821748534589919
Pedri,Barcelona,51.135000000000005,58.82,68,53.0,12.542690660300924
Iñigo Martínez,Barcelona,47.03999999999999,59.024,69,17.0,6.224320766155937
Dani Olmo,Barcelona,48.614999999999995,54.400000000000006,69,20.0,6.979339796857576
Luka Modric,Real Madrid,48.825,11.831999999999999,69,27.0,8.42390651657531
Luka Modric,Real Madrid,49.14,11.628,69,32.0,
Alejandro Balde,Barcelona,56.595000000000006,63.036,69,33.0,8.43082439622604
Luka Modric,Real Madrid,48.614999999999995,8.84,69,35.0,27.707399733645158
Vinícius Júnior,Real Madrid,90.3,28.356,69,40.0,10.224035211206967
Ferran Torres,Barcelona,52.71,34.0,70,25.0,16.523690901248425
Frenkie de Jong,Barcelona,47.669999999999995,37.263999999999996,70,27.0,6.668855673951869
Pedri,Barcelona,44.31,46.30799999999999,70,29.0,9.990620601344043
Iñigo Martínez,Barcelona,39.69,55.419999999999995,70,30.0,19.286299826560835
Alejandro Balde,Barcelona,58.38,65.688,70,33.0,22.457307251761065
Thibaut Courtois,Real Madrid,3.7800000000000002,29.783999999999995,70,55.0,19.371796509358646
Lucas Vázquez,Real Madrid,11.235,11.56,70,58.0,9.954280285384774
Brahim Díaz,Real Madrid,29.294999999999998,2.9920000000000004,71,1.0,19.072195049338188
Jude Bellingham,Real Madrid,41.685,17.068,71,3.0,11.046248412922823
Iñigo Martínez,Barcelona,55.02,54.196000000000005,71,39.0,17.56187700674391
Raphinha,Barcelona,69.825,47.803999999999995,71,40.0,6.1859777723493306
Ferran Torres,Barcelona,74.44500000000001,53.108,71,43.0,11.911575252669143
Alejandro Balde,Barcelona,83.78999999999999,63.988,71,50.0,17.056302324947218
Frenkie de Jong,Barcelona,70.77000000000001,50.25200000000001,71,52.0,28.641816702157687
Frenkie de Jong,Barcelona,71.92500000000001,37.536,71,58.0,12.614887078368954
Dani Olmo,Barcelona,79.17,25.636,72,0.0,5.623842103046626
Lamine Yamal,Barcelona,75.28500000000001,22.304,72,1.0,6.192529773848488
Frenkie de Jong,Barcelona,78.96,27.676000000000002,72,4.0,8.810362308100618
Raphinha,Barcelona,80.64,33.524,72,8.0,6.728321038713898
Pedri,Barcelona,83.78999999999999,43.384,72,10.0,8.78318848710422
Alejandro Balde,Barcelona,92.82000000000001,52.292,72,13.0,14.700134999380108
Lamine Yamal,Barcelona,74.23500000000001,18.36,72,29.0,6.329655914818734
Dani Olmo,Barcelona,80.535,17.748,72,30.0,4.564348913043349
Pedri,Barcelona,74.23500000000001,11.016,72,40.0,
Eric García,Barcelona,73.08,9.112,72,45.0,7.412000000000001
Pedri,Barcelona,70.77000000000001,18.02,72,48.0,7.861007823428255
Frenkie de Jong,Barcelona,64.05,21.284,72,50.0,12.882349009400423
Raphinha,Barcelona,68.46000000000001,33.388,72,51.0,9.245501608890681
Frenkie de Jong,Barcelona,61.214999999999996,26.588,72,53.0,13.725727667413485
Iñigo Martínez,Barcelona,49.769999999999996,38.352,72,56.0,15.223016258284694
Raphinha,Barcelona,70.66499999999999,41.956,73,1.0,11.607863024691492
Iñigo Martínez,Barcelona,59.63999999999999,47.532000000000004,73,3.0,15.690732328352292
Alejandro Balde,Barcelona,69.72,54.604,73,9.0,10.569038224928509
Pedri,Barcelona,67.515,49.572,73,14.0,9.757600166024435
Iñigo Martínez,Barcelona,58.589999999999996,53.516000000000005,73,17.0,4.072714205539103
Frenkie de Jong,Barcelona,62.265,51.68,73,20.0,14.058484128809907
Alejandro Balde,Barcelona,57.225,64.804,73,21.0,15.55945452128705
Iñigo Martínez,Barcelona,40.32,60.452,73,23.0,30.72644958338011
Wojciech Szczesny,Barcelona,22.47,35.7,73,27.0,30.73698807625757
Eric García,Barcelona,63.0,26.452,73,36.0,32.29578820837169
Raphinha,Barcelona,72.03,53.312000000000005,73,41.0,11.517933842491026
Pedri,Barcelona,72.66000000000001,35.428000000000004,73,45.0,8.605253279247504
Dani Olmo,Barcelona,75.17999999999999,27.200000000000003,73,47.0,9.851069434330459
Frenkie de Jong,Barcelona,68.67,30.871999999999996,73,49.0,17.509215887640423
Eric García,Barcelona,65.625,15.844000000000001,73,51.0,23.846734136984036
Lamine Yamal,Barcelona,96.81,18.564,73,54.0,20.0785183716329
Thibaut Courtois,Real Madrid,4.83,32.776,74,21.0,66.94777442155937
Vinícius Júnior,Real Madrid,98.28,50.116,74,30.0,31.391966424548816
Lucas Vázquez,Real Madrid,81.27,23.732,74,32.0,8.907498189727578
Brahim Díaz,Real Madrid,79.59,17.476,74,36.0,7.152619729861219
Luka Modric,Real Madrid,76.335,22.44,74,41.0,24.67796525242712
Lucas Vázquez,Real Madrid,98.49,11.152,74,43.0,14.421390362929639
Luka Modric,Real Madrid,104.475,0.34,75,3.0,18.41691203758111
Brahim Díaz,Real Madrid,99.12,13.668000000000001,75,9.0,7.004662732780222
Ferran Torres,Barcelona,27.825000000000003,27.811999999999998,75,13.0,2.6807761935678216
Raúl Asencio,Real Madrid,76.965,47.19200000000001,75,15.0,
Dani Olmo,Barcelona,7.770000000000001,14.62,75,25.0,18.170466257088723
Federico Valverde,Real Madrid,47.775,58.888,75,33.0,10.849080329686943
Fran García,Real Madrid,56.910000000000004,61.88,75,34.0,13.93845360863249
Federico Valverde,Real Madrid,43.47,56.236000000000004,75,37.0,11.634852856826337
Luka Modric,Real Madrid,49.349999999999994,40.12,75,40.0,42.40642367613662
Alejandro Balde,Barcelona,16.065,68.0,77,27.0,29.51585744985228
Ferran Torres,Barcelona,45.36000000000001,64.396,77,32.0,5.385413725982439
Pedri,Barcelona,40.739999999999995,61.336,77,33.0,29.981269502807912
Fermín López,Barcelona,68.04,42.228,77,40.0,22.311566148524854
Lamine Yamal,Barcelona,68.985,21.624,77,45.0,5.536551363439161
Frenkie de Jong,Barcelona,65.52,23.12,77,46.0,16.86750512079366
Héctor Fort,Barcelona,64.995,7.684,77,51.0,12.547089542997615
Andreas Christensen,Barcelona,56.7,21.08,77,54.0,21.851753453670486
Iñigo Martínez,Barcelona,61.739999999999995,49.028,78,4.0,17.674902998319403
Alejandro Balde,Barcelona,72.03,64.464,78,7.0,13.15270679366039
Iñigo Martínez,Barcelona,59.849999999999994,59.5,78,10.0,11.809332284257229
Iñigo Martínez,Barcelona,27.3,45.356,78,18.0,17.81138961451352
Andreas Christensen,Barcelona,33.495,28.832,78,20.0,11.89147997517551
Frenkie de Jong,Barcelona,42.735,47.123999999999995,78,27.0,16.070180117223334
Raphinha,Barcelona,73.815,39.78,78,31.0,20.799716945189424
Fermín López,Barcelona,73.815,19.176,78,34.0,7.535102122731976
Lamine Yamal,Barcelona,75.81,14.008000000000001,78,36.0,7.826528221376334
Héctor Fort,Barcelona,69.08999999999999,9.995999999999999,78,39.0,8.660510435303467
Fermín López,Barcelona,76.965,13.600000000000001,78,40.0,8.689433583381616
Héctor Fort,Barcelona,58.800000000000004,4.352,78,45.0,39.35944618512817
Fran García,Real Madrid,13.965,57.324,79,1.0,10.395682998244993
Vinícius Júnior,Real Madrid,19.95,65.824,79,3.0,9.272857218786456
Thibaut Courtois,Real Madrid,3.9899999999999998,36.72,79,19.0,43.24102636385959
Luka Modric,Real Madrid,47.03999999999999,19.244000000000003,82,40.0,7.8285694734095586
Lucas Vázquez,Real Madrid,44.73,11.764000000000001,82,40.0,9.737096538496475
Luka Modric,Real Madrid,55.125,17.68,82,42.0,13.890948167781783
Brahim Díaz,Real Madrid,58.800000000000004,4.284,82,43.0,21.702706651475527
Alejandro Balde,Barcelona,28.769999999999996,52.767999999999994,82,50.0,10.062506695649942
Andreas Christensen,Barcelona,29.715000000000003,40.324,82,52.0,22.416255909495682
Héctor Fort,Barcelona,22.89,18.971999999999998,82,54.0,17.30608589485214
Fran García,Real Madrid,57.75000000000001,61.54,82,59.0,8.156334716035127
Fran García,Real Madrid,37.48500000000001,54.876000000000005,83,54.0,8.980637171158843
Fermín López,Barcelona,69.3,37.876000000000005,84,1.0,24.259266600620883
Jude Bellingham,Real Madrid,26.355,61.336,84,11.0,9.34657161744348
Fran García,Real Madrid,33.6,64.66799999999999,84,27.0,9.18314896971621
Luka Modric,Real Madrid,28.244999999999997,61.132000000000005,84,30.0,8.439541219758333
Jude Bellingham,Real Madrid,35.385000000000005,60.18,84,32.0,5.532905294689216
Fran García,Real Madrid,32.13,64.464,84,35.0,10.717768611049602
Luka Modric,Real Madrid,14.595,60.656,84,38.0,35.24850839397321
Aurélien Tchouaméni,Real Madrid,20.055,9.86,84,44.0,13.166230478006986
Federico Valverde,Real Madrid,16.38,23.052,84,48.0,15.843721280052865
Aurélien Tchouaméni,Real Madrid,23.1,8.704,84,50.0,19.719503061689966
Federico Valverde,Real Madrid,20.580000000000002,45.763999999999996,84,55.0,18.05790754766454
Fran García,Real Madrid,24.255000000000003,63.512,84,57.0,7.53510212273198
Federico Valverde,Real Madrid,29.400000000000002,55.012,84,59.0,30.373115760487924
Brahim Díaz,Real Madrid,64.47,9.995999999999999,85,7.0,47.8601513161001
Wojciech Szczesny,Barcelona,14.700000000000001,31.892,85,35.0,65.70069376346036
Thibaut Courtois,Real Madrid,1.68,28.356,85,52.0,15.90898475704845
Luka Modric,Real Madrid,22.89,52.292,85,57.0,15.758734086213908
Fran García,Real Madrid,33.6,63.852000000000004,86,0.0,11.224420920475138
Raúl Asencio,Real Madrid,33.6,52.292,86,13.0,12.927981435630228
Luka Modric,Real Madrid,42.63,41.616,86,17.0,44.223671591128664
Wojciech Szczesny,Barcelona,10.184999999999999,26.996000000000002,86,26.0,28.561382336994825
Héctor Fort,Barcelona,31.395,7.752000000000001,86,30.0,4.304538999707168
Frenkie de Jong,Barcelona,32.339999999999996,12.24,86,32.0,12.875374324655573
Pedri,Barcelona,76.335,21.624,86,41.0,12.9753688194209
Lamine Yamal,Barcelona,83.89500000000001,11.764000000000001,86,45.0,10.908868364775525
Héctor Fort,Barcelona,73.08,10.336,86,48.0,5.6947769052000625
Frenkie de Jong,Barcelona,67.82999999999998,19.38,86,51.0,9.448199881458901
Pedri,Barcelona,64.575,38.76,86,55.0,16.028696266384244
Iñigo Martínez,Barcelona,57.855000000000004,53.312000000000005,86,57.0,8.276721331541852
Alejandro Balde,Barcelona,62.265,60.587999999999994,86,59.0,7.8541459752158955
Fermín López,Barcelona,70.56,47.94,87,1.0,11.944173642408241
Thibaut Courtois,Real Madrid,4.2,28.151999999999997,88,12.0,17.710801478194035
Federico Valverde,Real Madrid,10.395000000000001,11.152,88,16.0,11.48390286444465
Aurélien Tchouaméni,Real Madrid,20.790000000000003,28.696,88,20.0,36.30011604664646
Fran García,Real Madrid,31.605,65.008,88,24.0,13.170963556247504
Brahim Díaz,Real Madrid,49.14,64.6,88,29.0,12.102599555467414
Kylian Mbappé,Real Madrid,59.63999999999999,53.38,88,31.0,29.981216936608842
Wojciech Szczesny,Barcelona,5.1450000000000005,40.12,89,17.0,62.07770037622205
Federico Valverde,Real Madrid,35.28,0.0,89,36.0,5.435827903824771
Luka Modric,Real Madrid,37.905,4.760000000000001,89,37.0,4.005246559202071
Iñigo Martínez,Barcelona,27.93,45.763999999999996,89,41.0,12.506836570452178
Iñigo Martínez,Barcelona,66.36,44.472,90,20.0,13.68118547495062
Fermín López,Barcelona,93.02999999999999,46.172000000000004,90,25.0,7.560012962951854
Federico Valverde,Real Madrid,22.89,29.24,90,29.0,15.679008131894058
Jude Bellingham,Real Madrid,31.29,42.16,90,31.0,8.328597060729985
Fran García,Real Madrid,37.275,61.74399999999999,90,34.0,33.38075020127618
Luka Modric,Real Madrid,104.475,0.34,91,20.0,35.57318321432592
Aurélien Tchouaméni,Real Madrid,95.55,33.66,91,22.0,7.282430638186679
Wojciech Szczesny,Barcelona,5.25,27.676000000000002,92,11.0,59.84883186829965
Héctor Fort,Barcelona,61.214999999999996,11.628,93,0.0,55.01983118839969
Federico Valverde,Real Madrid,3.36,3.4000000000000004,93,8.0,
Alejandro Balde,Barcelona,95.025,68.0,93,47.0,4.500586739526305
Raphinha,Barcelona,97.44,63.376000000000005,93,48.0,2.9935457237196155
Federico Valverde,Real Madrid,7.664999999999999,6.664000000000001,93,51.0,17.616134905250924
Pedri,Barcelona,81.165,57.596,94,41.0,8.935210350070099
Andreas Christensen,Barcelona,28.455000000000002,26.043999999999997,97,15.0,11.718910529567161
Pedri,Barcelona,36.75,38.556000000000004,97,16.0,24.58814551770833
Lamine Yamal,Barcelona,69.19500000000001,36.108000000000004,97,22.0,26.816383723388203
